item,logprob
anE,-8.012088
Aea,-5.846478
OrA,-6.111688
irE,-6.540656
Eku,-6.416842
atU,-5.030069
hiA,-7.343491
Imo,-5.756324
omO,-7.194141
wAi,-6.285858
IwE,-6.609119
atE,-5.732688
ikU,-6.370057
epA,-6.65872
ANU,-5.26285
awi,-4.706247
peu,-5.720403
ANA,-6.07813
Oru,-4.813454
AhE,-5.943413
NOu,-6.046385
Ure,-5.157662
OhI,-5.874482
aiE,-7.47774
upU,-5.612466
OfI,-7.150153
enu,-4.783928
Opu,-5.241623
iao,-6.218131
Uni,-6.058493
Ihe,-5.387819
Ine,-5.144356
nia,-3.806921
Ahe,-4.248986
une,-4.444529
uaA,-9.900848
huI,-6.15419
Ane,-4.403283
mIi,-7.113348
Ihu,-5.965075
OhE,-5.653732
Oni,-5.494363
ihU,-6.696906
EhE,-5.463492
kAu,-4.592777
Apa,-4.421352
otU,-6.033823
IwA,-7.192579
Awa,-4.726115
etA,-6.718746
reU,-5.388894
oau,-6.388027
ImO,-6.908293
epo,-5.585563
ONU,-6.55605
One,-5.135678
iAu,-7.141426
kaO,-5.684957
Iwe,-6.515142
Aeo,-6.479951
Ofa,-6.227306
UkE,-6.023314
ApU,-5.747418
aii,-6.905137
owA,-6.66267
IkA,-6.817865
Aue,-5.566683
orE,-6.179725
upO,-5.709294
Amo,-4.816218
uno,-5.142592
OpO,-5.868233
enI,-7.616229
nue,-6.307563
epE,-6.585667
feu,-4.58531
Owi,-5.595587
etI,-7.314606
Ire,-5.605756
tOA,-5.406375
AhU,-5.169939
eme,-5.247954
erU,-6.414069
IwI,-6.483364
unO,-6.358354
fAo,-5.483995
oeA,-6.817973
uii,-8.26039
aiO,-7.888288
inE,-7.756859
Ira,-5.225739
upi,-5.462139
epi,-5.585398
OmO,-7.110763
Noa,-4.428917
Oua,-5.478151
ahO,-5.854686
nOi,-6.150055
eNu,-5.76919
tAe,-4.546395
ome,-5.628779
paI,-6.005426
nAi,-5.431559
UpA,-6.40007
eNU,-6.696757
kEa,-4.869532
puA,-4.891238
eaa,-8.096317
opo,-5.067249
AwE,-6.546647
awE,-5.197508
oNu,-7.013056
auA,-4.971279
ItI,-6.356181
unA,-5.661797
tUa,-4.490099
InI,-5.831219
UrA,-6.171936
ONO,-7.044029
OtI,-6.509759
ofi,-4.993153
Ome,-5.971034
Awi,-5.27676
ENe,-7.264686
kiO,-7.44097
ItU,-7.608541
aiu,-5.988438
Eka,-5.728203
aNU,-5.749949
pAu,-4.663251
AkE,-5.434692
Eko,-5.841696
irU,-5.877364
ire,-4.626719
uko,-5.211547
kIi,-5.751767
mie,-5.263099
Ero,-5.940076
rOi,-6.155739
iwA,-5.438669
iwI,-6.381774
eoA,-8.655528
uNi,-4.673201
tEa,-5.151228
Iwi,-6.876931
epu,-5.526454
eha,-4.948335
IkI,-5.952784
uti,-4.407602
koA,-5.217601
imA,-6.760898
enA,-6.834984
iwe,-5.321189
upE,-5.916106
irI,-5.623326
ape,-4.535225
Afu,-8.763423
ErE,-7.734955
etO,-7.58145
IrI,-6.914631
tiU,-8.077769
Otu,-5.366019
ekA,-6.793736
pie,-5.166639
UNu,-5.061596
kOi,-4.256595
oae,-7.409143
Ohe,-5.014904
pUa,-4.020075
epO,-5.815521
OhO,-6.750105
rIi,-6.883004
kOu,-3.964934
eae,-6.536705
orO,-5.760657
uhE,-6.162122
oeo,-6.984133
etE,-6.272137
uNu,-5.304351
Upu,-6.18614
eto,-5.554209
AwI,-6.818927
AkU,-5.04071
ipi,-4.649684
taI,-6.028519
Ano,-4.998791
ume,-5.244083
OkO,-6.027988
uae,-5.803755
onO,-7.830093
emu,-5.153416
ihE,-6.953721
aNu,-5.567393
eaA,-10.24703
Ini,-4.96254
otA,-6.83811
keA,-5.428351
apI,-5.247419
Iro,-5.823782
Imi,-5.363868
pEi,-5.664362
Oio,-6.113798
Onu,-5.623707
Ino,-5.127123
ahE,-5.380636
NAo,-5.28556
Eru,-5.439432
OnI,-6.195774
Etu,-5.467457
afu,-7.622764
rAu,-5.557383
hAo,-5.261251
aie,-5.768709
Ore,-4.394023
aAe,-10.06
Ani,-4.371752
ahU,-5.568176
ItO,-6.984291
unE,-6.460447
pEa,-5.245813
hAe,-5.099385
Epo,-7.193374
OnE,-6.192496
teU,-6.503365
ENi,-5.719104
OwA,-6.580052
heA,-6.495292
maA,-8.519454
ikE,-6.077804
fEa,-4.656255
pUA,-4.900084
Uru,-5.393857
opE,-6.776075
kaU,-5.169849
opO,-5.926111
ufe,-5.158713
upe,-4.965154
ONa,-5.15893
UkO,-6.750339
eNo,-5.216243
nUmu,-6.874957
Uafu,-10.34592
kApI,-6.060328
pikE,-6.169875
humo,-5.704279
pAfi,-4.596334
Urii,-8.073512
AkiA,-6.795719
meNU,-6.924581
wOpI,-7.091773
UNeo,-6.087336
oupo,-7.259168
UrAA,-11.62499
rIwi,-6.365949
oumi,-6.836065
pAwI,-6.627169
OAno,-7.820688
pefO,-9.787439
OhOi,-8.029697
NAmi,-5.741413
imAI,-8.468802
Aape,-8.877639
OAka,-7.907789
fInA,-6.970557
NikA,-8.519229
AiwE,-8.250201
utOI,-7.660236
eife,-9.699169
upio,-6.637855
wIpu,-7.417403
AanO,-10.39474
wurI,-7.119985
fihE,-8.758173
IrIi,-10.33796
Iwea,-6.839851
ofAO,-8.018737
NOto,-6.463288
OkAI,-7.081348
Iwie,-10.4221
hEha,-6.114339
wuri,-5.346441
OtOI,-7.485545
rAwI,-6.707863
UaNu,-8.056231
NAme,-6.197207
wewE,-7.17606
niNA,-7.8378
wEni,-6.647155
NAiE,-9.913941
ONoe,-7.934382
IrAA,-12.25309
nIno,-5.959271
eIho,-9.416447
witI,-7.539299
NUta,-5.855452
oaiE,-9.685005
aema,-8.011318
AfiU,-8.574232
pIhu,-5.253863
mEri,-5.859207
wEnu,-7.121979
ahEa,-7.526882
nEhE,-5.794232
ehuI,-8.114221
AmAo,-6.891912
iNii,-9.083516
Omou,-6.902976
tImu,-4.971236
uirE,-8.100477
EpEO,-9.581606
NaeA,-6.838931
ApOI,-7.766997
neNu,-6.626064
tuei,-6.455118
apaI,-7.60692
hUku,-4.921653
hOre,-4.335344
Aeni,-7.763006
tukE,-7.419866
etOu,-9.388118
wAiE,-10.41
tANI,-6.273904
upaI,-8.211569
mini,-4.446673
wEhE,-6.181586
NEni,-6.595048
mAtO,-5.27679
iAfa,-6.875119
ewea,-5.476434
eEtu,-10.77782
Eheu,-7.031184
Aiha,-6.255006
eaNi,-7.005164
UnoA,-8.044318
punE,-6.562818
fEfa,-6.147482
EreU,-7.942856
EtOI,-7.868704
fakI,-3.861993
nInI,-6.663367
ikOi,-7.393317
nEhu,-6.338602
Aanu,-8.547115
tifi,-5.286447
Irui,-8.744798
fouA,-9.409035
uerE,-7.369379
aoku,-6.38849
OAiE,-12.59697
rupo,-5.681629
pOfe,-5.341997
Ataa,-6.255021
uaNI,-8.549106
onoA,-6.01327
wOnE,-6.444547
ikoA,-7.332196
wEtO,-6.01338
rUNU,-6.366987
aepI,-8.552511
haeo,-5.503579
ikou,-5.966939
onOu,-9.88377
tOpE,-5.570176
rIkA,-6.050352
mIra,-4.939485
itUA,-7.619952
upeu,-7.637539
Aniu,-5.991743
nihU,-7.404914
ArIi,-9.374629
aerU,-8.660888
nOhI,-6.120592
Anoa,-5.679289
enio,-6.827015
eiwE,-9.290412
mONO,-7.410954
nOro,-5.566201
puaU,-9.400419
AtaI,-8.108264
nAwI,-7.696316
toAi,-8.324615
ekEa,-7.416982
UkaI,-7.718289
opui,-6.104491
reUa,-8.199279
nIkA,-7.085292
ItOA,-9.280197
oarE,-8.402336
uhai,-6.155514
nOwi,-6.564307
AerI,-8.669591
NUNA,-6.508006
apOI,-7.534305
nAiE,-9.555702
rONU,-7.099229
UkAI,-7.231871
nunE,-7.945841
furi,-5.125328
Nehi,-5.38337
NONU,-6.484095
wifa,-7.71068
mApi,-4.942747
ekoa,-5.843735
uaeA,-7.846075
kIfa,-6.595319
Numo,-7.268055
Ootu,-9.121232
NauI,-7.010865
utEA,-7.978988
rinE,-9.309612
wOue,-7.206666
auhU,-6.619418
umAI,-7.738925
tuAi,-7.478387
howi,-5.905657
uhOu,-8.214711
nAfI,-7.599266
aehi,-7.201424
winE,-8.926982
raNI,-6.480622
OuaU,-11.74925
mEni,-6.641737
kUro,-4.677803
Nipo,-7.659077
UaNe,-7.708251
Urio,-7.227683
mAko,-4.434001
ofEa,-8.988459
wUra,-5.366288
nIrI,-7.639536
itaI,-8.78123
nEri,-6.044455
oera,-7.236231
ONue,-7.58691
NuNA,-6.767163
ONAe,-7.932956
OAke,-7.832474
otEA,-8.202482
AkaU,-7.143295
raNE,-6.072596
hOke,-4.435174
Iheo,-7.637174
uaiE,-9.144396
erIi,-10.24356
aAha,-9.483731
AkUI,-7.586117
fafu,-7.589123
amIi,-9.277301
kOkE,-4.674667
OAkO,-9.877528
kuaA,-10.14782
OotI,-10.37133
eina,-6.474008
fefO,-8.892373
kinI,-8.215917
eNaO,-11.02531
rEro,-5.608146
NoNA,-6.561766
AakI,-9.391389
muNi,-5.583778
nopo,-6.205428
hItU,-6.446363
Nufe,-7.129838
rerI,-6.586651
opOI,-8.446185
kitO,-6.451511
fOno,-9.699691
ANea,-6.33539
Niwe,-7.608007
moeo,-5.233357
hEpi,-6.569378
OAki,-7.645407
Aupu,-6.555776
aoNu,-7.627556
fEre,-4.629096
eEra,-10.28067
orIi,-9.992647
nutE,-6.558183
tItA,-6.034602
anaA,-10.24264
Urowe,-8.312893
Uniko,-8.065358
wIheo,-8.229537
mAhOu,-7.287911
EpakU,-9.352137
eaiAo,-11.76359
iuaiE,-12.18591
aAihi,-10.54993
wOpOI,-9.655721
upawI,-8.707738
pOkAI,-6.619901
tAatO,-8.162788
nEtue,-8.6286
ufafu,-10.65268
eaipU,-9.944983
eikUI,-11.9346
moNue,-8.107902
uNeNi,-7.462229
rOkeA,-7.959684
paaNI,-9.0378
ImEpi,-9.163765
noane,-6.54447
ENaAu,-14.47374
Nouhu,-6.881557
iNonE,-10.96613
afanE,-10.44626
arEhE,-7.062401
unArE,-11.38599
mUmOu,-9.024584
hUtaI,-8.555058
ihEri,-9.183017
kaanE,-9.898371
wureU,-8.176248
OheNu,-7.897954
rOpOI,-8.525048
NukAI,-8.810507
Erewi,-8.947841
pEorI,-10.17015
pAnOu,-8.077286
kOnie,-8.479392
omipu,-8.013845
kINau,-6.830687
OiauE,-11.70751
ONUti,-8.561301
UkahI,-7.786078
amApU,-8.068851
ahekI,-7.752487
fiuiA,-9.018114
UrUta,-7.625458
OtAue,-8.314767
tIfea,-5.363401
pUtio,-5.736469
NunAe,-9.726581
ImuhU,-9.379389
ouaaa,-10.93896
paaiE,-9.854252
apefO,-11.27465
UrApI,-9.558108
awAkU,-7.695059
pupAu,-7.888386
hikIi,-8.253946
IhAmi,-7.851962
rahuI,-7.733117
tAifO,-10.93003
ouomO,-10.95735
oufAi,-9.378239
eiafa,-10.36959
OwiwI,-9.791316
OotoA,-11.44178
tiroA,-7.134214
tIeNU,-8.146083
kEiaA,-12.76055
Owanu,-6.975979
AitOI,-9.956406
hoaoA,-9.658818
orEwe,-7.512688
kOnoi,-5.599027
apiui,-7.048333
uaAfu,-15.96079
pofae,-8.119893
eNUhe,-9.559648
pAumo,-7.129194
ahUhO,-9.294381
OrUke,-7.970496
OrIhu,-8.294314
mIeke,-5.763395
hIkeu,-7.5242
fAepe,-6.61643
Aiwea,-8.512957
EnawI,-8.507429
OtaNu,-7.598022
hemAI,-9.053938
hiNoA,-6.8153
eriNA,-8.601453
NakaU,-7.965091
hAuii,-9.403034
NaurE,-8.588574
koNoU,-10.53225
iumoI,-10.43114
etinI,-10.82921
iwEki,-7.531153
OAteU,-11.05045
EnaNI,-9.983363
ufANI,-9.266663
eweNU,-9.386212
kOutu,-5.142376
pEiNa,-7.107839
OipUA,-10.92727
ewauE,-9.331813
imAmO,-10.70619
nErue,-7.65241
pEofe,-9.181516
imutO,-8.487538
remue,-7.934239
ONUpO,-10.86976
rUtAa,-8.160254
meAnO,-10.38593
awiwE,-7.903345
uhaiE,-9.772933
kowea,-5.756852
ImOne,-7.599185
wAhIi,-9.311185
wOpEO,-10.543
epEmu,-9.574333
poifA,-8.018102
niehA,-10.85539
IkikO,-10.08972
aNene,-6.457186
wapEO,-10.93522
ENiwE,-9.550241
ENifI,-11.94619
pOpaI,-8.352272
eNaNE,-8.98715
wahIi,-8.977284
unAnA,-7.723987
ueuta,-7.103397
omaAi,-13.04642
OukuI,-8.990261
foukO,-10.68619
itUwI,-9.016944
aNEnE,-10.83035
Awita,-7.25632
eNefO,-12.15955
ErapU,-8.09781
Ukepu,-8.183161
kIore,-7.099273
opANu,-8.604153
maaNO,-8.727069
Afuiu,-11.63345
NAiwI,-9.902055
uhukO,-8.435533
eomAI,-11.83546
nUmeo,-9.259401
ImEni,-8.286735
ErAwA,-7.707846
ikEme,-8.278443
OtaNI,-8.921718
uiteU,-9.595057
tIahu,-5.829181
omErE,-11.9199
tUkEA,-7.856655
kUtOI,-7.930474
ipupo,-7.436576
uakie,-8.240117
ekUte,-9.861311
owAmo,-9.551511
ImEnA,-7.920885
enekE,-7.302582
mofAO,-9.544172
fiAma,-9.051503
NOotU,-10.64596
AfaNi,-6.694209
NOpEO,-10.06348
NuunO,-10.67073
topIi,-9.261646
EhehO,-11.01482
wAiwI,-10.39812
tAinE,-8.959023
oNONo,-9.555984
Omiko,-7.261394
OfIri,-8.502109
ahIue,-10.09808
Imuri,-7.135218
hIewI,-8.723346
AfAeA,-9.391751
nUpEO,-12.07735
kiOmo,-9.618255
eIhoA,-13.4215
rUriU,-7.735815
wakUI,-8.777357
hiUrA,-10.42802
Iwepe,-9.117833
eaifI,-11.99754
noAtO,-8.634371
noepE,-10.06898
ienie,-13.06343
ErANI,-9.659863
epUmu,-7.951913
opeNU,-8.562097
fEawe,-7.531583
AnOkI,-8.175709
wEneA,-8.836946
nekIi,-9.351928
utAwE,-8.925578
pENaO,-12.11362
kuIhu,-8.369081
NeipU,-8.215898
Iteru,-8.138012
iwiti,-5.997738
otErE,-10.12961
EpufI,-13.19455
omofe,-9.112197
iowaA,-13.25537
Okoie,-8.322838
poiNO,-7.300581
ahekU,-9.364257
hUnao,-6.661842
nimei,-8.48649
tUNoa,-5.94601
tUAmo,-6.201673
tOami,-7.863553
EkerO,-9.939479
nuaiO,-10.38321
enofi,-8.9911
iwIpU,-10.03689
uneNu,-7.862827
huomO,-9.684589
ItIfi,-7.767599
AirAu,-9.613253
wEpEO,-10.03549
rArUa,-8.365683
ameAo,-10.97786
NApui,-7.098552
pEpEO,-8.340939
iwirE,-8.052448
UareU,-9.278585
oNUho,-9.012347
UahIi,-11.27585
AwIwI,-9.255354
rUhAu,-7.657378
iwawE,-7.481548
UrIia,-10.10191
okEru,-8.148323
piaao,-10.41312
OmOmA,-9.574137
ukIho,-8.135215
UrIfa,-11.17433
apuhU,-7.668243
ufahe,-9.48358
hUorO,-8.784295
AakIi,-11.98683
EiNAu,-11.0949
tiNoU,-11.10721
AiakE,-9.470647
wAmao,-6.856886
Naefu,-10.71
NEkEi,-8.538442
Ehaho,-8.955693
inohU,-7.061016
Oweru,-7.241698
eonoA,-9.504088
tuoke,-6.950104
unife,-7.837479
ukIro,-8.051869
AuNAo,-9.676106
afeNU,-8.224208
EpuNe,-9.627095
AtEme,-9.150165
iaerO,-12.84178
kANOo,-10.01849
OnutE,-8.699042
inaNI,-8.55196
eEteU,-13.77756
uhOnI,-9.057314
UnoNU,-9.491131
umeta,-7.013594
pIhIa,-6.246038
eomio,-9.63936
Uarae,-8.206426
tUAme,-6.142651
aikIi,-9.261075
eoeiA,-12.73211
iniei,-9.753869
puAno,-7.646199
IrawE,-8.379753
oapEO,-12.00346
IreNU,-9.66384
aorAo,-9.092639
fipie,-8.951306
pApOi,-7.169139
irawi,-6.953728
hEaoA,-10.33462
aunOu,-9.141391
Eiati,-9.258007
itIhA,-9.166819
ENapa,-8.976247
inEti,-9.891076
amUhi,-7.363529
iNaiE,-9.797998
fatEA,-7.882426
rUkue,-7.595705
wekAo,-9.130852
wurUA,-9.88645
aAnaa,-11.67675
etewI,-8.496811
epepU,-7.91751
otifI,-10.06514
kIoNU,-9.908112
etueu,-8.843861
EfaiO,-11.84494
irAnO,-8.938454
kunio,-6.460921
Anemo,-7.41836
fAoku,-7.425273
iNAfu,-12.23159
uirIi,-10.60648
Eruhe,-7.643374
onEro,-10.01547
parIa,-6.752168
afEri,-7.460702
enAura,-9.799021
uroohI,-10.03766
aNAmAu,-10.45204
utUaiA,-10.06865
aAirii,-13.101
futoNo,-7.762283
ANUtuA,-9.963725
emoIta,-9.015122
oweame,-10.60762
onIokI,-13.1266
tepUhE,-9.682622
konEpE,-10.62641
mIpewi,-10.26908
rOtife,-9.095586
wurife,-8.939258
etiNoU,-13.13275
nAtEtE,-8.433834
anIrIi,-12.63941
Omuneu,-10.07614
Nenuii,-10.32606
OuNAwe,-10.79257
Oiaomi,-10.34362
rApUpu,-8.633611
aetIro,-10.62279
AitiwE,-9.584183
Anuiui,-8.025241
roahOi,-9.24535
tOmemi,-7.004481
uniAkU,-11.2413
rurEwE,-8.292716
riAkuI,-9.708124
oNApAA,-14.96347
kOwAtu,-7.397455
iwEwau,-8.951496
tUhetE,-7.716871
kUfAfa,-7.618345
ihEpaa,-11.28793
OtUAro,-9.676406
opuehu,-8.548433
ehUtua,-8.808365
ehiAmo,-11.71253
kOfIfa,-7.028366
aNUreU,-10.59865
iriomo,-8.487328
foahai,-8.106041
newApu,-9.860609
otoena,-8.599031
tIrime,-7.780631
NUhikI,-9.490798
eotOfA,-11.98715
nUmUfa,-10.49516
fifanI,-8.463036
ouNinE,-13.38553
fOmeau,-12.97509
OhAtiU,-12.72115
mUfeNA,-10.65099
aohOpo,-10.21766
kUremi,-7.131425
ofAtOI,-10.30409
NAfipe,-9.166222
kofIfa,-7.84489
upipEO,-12.07054
toIatO,-10.84993
koAkiI,-12.86877
uiameA,-12.34781
tEpeha,-7.415005
ioutOu,-11.72104
kuunia,-7.928834
eEheha,-13.58027
ioeomO,-14.04603
eIhiaA,-16.07991
moNueo,-10.51466
iAmiwi,-9.730876
wUrapO,-8.234208
mIhaiE,-10.06149
EtotOI,-11.74045
IwIpEO,-13.88293
ekIoNU,-13.10109
uAnuku,-9.898304
fEkopi,-7.566081
ImaAnO,-14.57243
okIfea,-9.18395
hawenI,-9.316342
apANOo,-11.99197
aetEkE,-10.36864
hIapei,-8.26171
fatAiE,-11.01095
NirAmi,-9.345836
ENaOki,-13.75665
riaenu,-9.860622
nOhoie,-8.506368
koutOi,-8.493006
apenaA,-12.39091
remunO,-9.605491
opAkii,-10.50946
hUkENi,-7.269117
mUtefa,-8.972284
NuimAi,-11.16457
anOtoI,-11.42649
meNUpi,-10.24753
epawie,-11.41436
nEnumi,-8.576082
UatANI,-11.96415
meiufa,-10.09655
hekiii,-11.45568
NotEfI,-11.47668
oufinI,-13.15764
uAhAta,-10.57907
ahEreo,-8.931598
uNehau,-8.854221
hInAhO,-9.463799
tofEnE,-12.12094
akuArE,-12.89669
noNUpO,-10.85031
kaiANO,-8.754331
foaene,-9.22778
wUnerO,-13.80436
OmAakI,-11.72568
pifIta,-9.700965
wiNAiE,-13.82463
OununO,-11.28502
UroeNi,-9.793293
hOpukI,-7.655462
wIpOkE,-9.57177
uNeNai,-8.942879
OfInAa,-12.70354
eofaNI,-12.83623
rUtofA,-8.85848
peniNi,-7.909054
nIrIia,-9.498231
kumukU,-7.92186
anIonI,-13.24636
ItIonI,-12.78857
ENetUI,-12.30346
oNoApi,-9.532268
ometOI,-11.38383
nOmOwA,-10.29261
ItamAI,-10.45695
eNuemi,-10.02549
winofi,-8.957749
ipiNAa,-11.22176
rEmemu,-6.971877
ruwihi,-7.777221
hahIkA,-8.603748
ANOpEO,-12.55388
uruuno,-8.551955
faeNoU,-12.32869
AahEnA,-11.97147
AkEwie,-12.49475
fIokAI,-9.941076
NoepEO,-12.71894
omOmAI,-11.36542
rErifi,-7.914242
AifOnE,-13.99938
EhiANU,-12.2473
anofEa,-12.14251
kupEnA,-7.312118
AmAmuA,-10.26518
rEtOea,-7.980954
hiaamU,-11.7447
eafIno,-12.153
NEnAme,-9.419345
tiNAhi,-8.176864
tofefA,-8.937756
pUhUra,-6.265238
AutetO,-10.80739
aefOno,-13.43036
nikahU,-8.631437
OfepAA,-15.8569
muirEi,-10.8775
OAtueo,-12.1867
niwEpE,-9.472526
kENiua,-8.858203
rOpIfe,-8.764225
ekierI,-10.8679
ikuhEa,-10.51139
fItAfu,-12.99069
IhoNAe,-10.35891
hapAiE,-11.86906
Auaefu,-13.56315
EtiuNu,-9.532322
NerakU,-8.707483
nenanI,-9.053915
hAtEnE,-10.8092
rAwIpo,-9.595617
imIpOI,-14.29682
oekeku,-9.306688
waienA,-9.654088
oahufa,-10.34117
kONUre,-7.550123
hUkanI,-8.257669
tuUhiu,-12.74223
noemua,-8.570548
rAwaNI,-9.617821
ENatEi,-12.39707
piAkuA,-12.02385
fEretA,-8.126195
kAferU,-7.750693
AerEnE,-13.04647
pIwEkE,-7.108902
wOpAkA,-9.458201
AnAkiI,-12.15933
orEurO,-11.76905
UaNEna,-10.41537
heumoe,-7.894695
ukuhie,-8.143824
imiaiE,-12.96316
ahukiI,-10.93495
mArEpu,-9.932151
muhuwE,-8.653999
huteho,-7.605012
pIpakA,-7.797329
hUkarU,-7.613665
uhUpOI,-12.23107
eaekiI,-14.25323
ekeutE,-9.591599
OAnarO,-11.29434
teNowA,-9.441637
NOpefA,-9.991354
UritEA,-11.80331
wetoNU,-8.127282
akoNOu,-11.71091
eowehU,-12.47719
aukUko,-8.125095
imiNOo,-12.70185
tIpuhi,-6.166083
aefOmu,-13.13098
ewAiNO,-12.19192
EkotUI,-10.82016
rumiAu,-11.61812
iakufe,-10.42466
NONopa,-9.070751
oNepOu,-10.52103
pANOkI,-7.997298
Irouou,-11.85827
wUnopE,-12.38079
howaka,-6.770803
petOno,-8.932219
wurafA,-8.321013
ANohAo,-11.38503
tANefu,-11.27448
rEtApI,-8.848409
rimewI,-9.900813
witAkU,-9.051113
Enoteu,-9.958147
wOuNAi,-12.49156
nErAiE,-12.25072
hOrONA,-9.054523
pahUNo,-7.955811
mUpUfa,-9.549547
pofihe,-8.598595
mIkifO,-12.90672
tapopa,-6.183717
hahIhI,-8.324225
ahANaO,-12.87903
ponOio,-10.67152
wIpinE,-12.77925
nAnoei,-10.85212
UrEmiu,-11.81358
eperAA,-13.49944
iuhitE,-11.77273
InifAO,-10.80949
ioNafA,-9.756263
kUaNeo,-7.63731
NOukOu,-10.86052
tInoka,-6.761634
iAwarO,-10.05921
wEkohI,-9.292301
ofiNoA,-9.068431
Ukooko,-9.102084
ErEpeu,-12.5089
aNUNoA,-9.722974
NuuNeA,-12.36029
tOnomE,-11.68424
ienefO,-14.22996
ohOuea,-9.581952
EinunA,-12.11076
AarANu,-12.04117
rUkENa,-8.004445
OwaetU,-8.658037
hOnukE,-10.02328
Ureino,-8.832955
nefipO,-11.33271
AkuOka,-11.71526
aAmAto,-11.10184
utiNoU,-12.60877
owepOI,-11.66861
Okopeu,-10.05724
anehuI,-9.60403
OuNiua,-11.58632
fOnefO,-15.74771
taNONi,-6.927112
menowA,-9.724129
AikokI,-9.26558
rINawI,-9.689855
kiuapU,-9.322386
wOuNoA,-11.31221
pUmAou,-7.91898
fiorAA,-12.79694
Aparue,-7.677036
uehANU,-8.414163
oinUpE,-15.61116
eonAmu,-12.13977
aniuro,-8.312617
tihoNU,-8.415334
irAwAu,-9.777696
nUhano,-8.488871
rIfake,-6.655103
eakIwA,-12.2734
ariaeA,-10.27896
mIkaNI,-9.896308
afiwia,-8.85061
ikEkEA,-9.810271
kiNeki,-8.847159
hufitu,-7.502362
Imauui,-10.83206
UtIkAu,-11.04032
uaoAra,-11.78698
wekIwI,-9.172773
ateehE,-12.05673
ururIia,-8.887531
UNohUpA,-10.77105
opopewE,-10.93362
UrEniNu,-15.11161
okIroru,-10.06547
ameNiwI,-11.30554
rEmupEO,-12.94933
wiNiikE,-13.33081
wItUfia,-10.62539
AtANowa,-9.292119
ArAhENa,-10.59108
fiarUwi,-11.94403
Otupowi,-10.4613
ohuetaa,-10.06514
IwaarEi,-13.47269
OtENiii,-15.01539
arootUI,-12.0216
wineerO,-12.15491
EneotUa,-12.27486
eIhofEa,-16.48106
emiwaNE,-13.02327
enoehAi,-14.03807
inIkauE,-13.44922
uNoapEi,-13.65972
UNoukAI,-11.46218
umOtEnE,-13.17586
opArEhE,-12.33304
nAiNONA,-10.12409
urONaha,-10.83445
okaApue,-11.40684
eneNukO,-12.18125
ahArunE,-11.87536
rIfirio,-7.796757
AiwAtOI,-13.11944
OAnawei,-10.458
UrUikii,-13.70648
hUotUpO,-12.11201
ehOpIwI,-11.51555
ErEwEnA,-11.63173
UNuhorE,-11.29647
pAifOmO,-14.59314
mUNurAA,-15.62332
mUpOahI,-13.28262
AmOmiru,-9.794363
IhaikEA,-12.426
onowaiO,-11.36792
mumepEO,-13.09556
NAiamIi,-14.31716
IrumaAi,-17.6471
nEreAmO,-13.7363
rImuaiE,-12.39684
naonunE,-11.66517
otoeNaO,-14.99609
OninArA,-12.54806
aeoraiE,-14.3702
fiNopOI,-12.50706
EnokiNo,-10.30093
anienoi,-12.81105
IkAnuNe,-12.19444
tinuAnO,-12.57285
fiameNe,-10.66531
aofItao,-10.07664
tokOerE,-11.30827
eiaorIi,-16.37353
miurAfI,-13.90955
Upirowa,-9.670605
EpEofAO,-14.46607
poahAhu,-9.030687
NEnAfAO,-11.25991
AerErAo,-11.99052
eotEkuI,-14.15361
eaweuri,-10.98168
eareawE,-11.60373
IwewEta,-12.24362
pIiaAki,-12.74202
epEferA,-11.27863
hirIAfI,-13.82156
Anonipe,-9.689029
opINohe,-9.551174
hItAwau,-9.487725
oetounE,-13.0767
rArapIi,-10.99129
tumookE,-10.50916
inoiNoU,-13.44389
Anahufa,-9.963751
wAwihAo,-10.88502
AtIrena,-9.477435
hUihOrA,-11.68576
AkuhEpa,-10.26745
aurAreU,-11.09117
arOkifO,-14.31484
wOnIore,-9.669621
afIfeke,-8.91839
waiepAA,-14.30987
nomiAkU,-12.04303
nuapEtA,-11.33575
otunefi,-11.23244
tOtoihO,-10.07993
iukOwae,-11.36825
hehiekI,-11.00355
ohONOpE,-12.24206
nekItaA,-13.50743
AwAimIi,-17.28563
kUhoNoi,-7.989709
aNUhImE,-12.76435
EfErukU,-12.93299
AenAitu,-12.894
eNaoerA,-12.0838
oarIauE,-14.26022
AhAutoI,-11.72422
tUmekIi,-10.33263
ekOruwe,-10.67863
AmakAwE,-10.75871
OiwErAa,-13.58306
hOpukUI,-10.24416
uhOkIia,-9.546398
UtOukaO,-13.89301
ErEpEpa,-11.27961
auouimA,-12.87186
peafItO,-12.14695
reuetaI,-12.02864
tOfIrui,-10.45893
iAfeuka,-10.97777
puhuuNe,-11.46308
nUmAanI,-13.35792
roItowa,-10.22217
mUmANoU,-13.62112
ImehEki,-12.20189
ONanetO,-12.93507
nUpakoi,-9.400143
oeNUtou,-12.90977
hIaNAwi,-8.72542
ItOpENi,-10.89505
EtatamO,-11.14431
tOenanO,-11.0524
wiritUI,-9.653039
nAtUera,-10.29608
AhEaome,-11.7429
ueiuawe,-12.6202
heofinE,-13.60486
heawifO,-15.18471
ItUrApA,-12.32607
mOumoho,-8.959069
utIwerE,-11.06404
EfEtitI,-13.38891
Opufihe,-11.02975
neAeare,-11.81711
itaNUpo,-10.78882
futeIhI,-12.55491
ONowAkI,-12.66626
NAkiOro,-10.57309
tieirii,-11.3893
ikahonA,-9.712482
ErAfeke,-9.207616
eweupUA,-13.37063
ioaepou,-11.7414
onemutO,-10.45934
AtUwAme,-10.83931
AnOtEnE,-12.75411
mipetOI,-12.43967
ekoharU,-9.848371
unErekE,-11.16426
fAfakIi,-9.466055
OotIfia,-12.13252
kAfiNOu,-10.62909
aiwiNOo,-13.7463
petOAti,-10.33165
rUhUikO,-12.60697
wIwEroA,-11.30967
kIakEfe,-11.07957
ikOamAI,-12.26391
hUarAwI,-10.91107
eIhiarI,-14.3826
naiumAI,-12.46766
aArOhie,-14.00219
uaUhEpu,-15.56469
OmaiANI,-12.70081
maAiwaa,-14.84081
eNUNepE,-13.61921
hirefui,-12.07323
komekua,-7.860284
NOotupo,-12.37289
NUNukEa,-13.39273
UtEtApO,-10.36064
EiamAiE,-16.88227
erOpIpA,-13.59205
raawEhE,-10.16059
AmANAfI,-11.00622
rUNioei,-13.63709
mUriotI,-10.72567
futihAi,-11.87374
iokapEi,-11.77894
kenaaNI,-11.49135
ONApOhO,-12.77007
akArofI,-10.97847
OtuhEpu,-11.4798
uaAifeu,-16.51303
wAwEpae,-10.22293
iuetukE,-16.0734
rUripiu,-8.223931
pAnimoI,-9.586128
kuriekE,-8.864845
akakAmo,-9.370425
uNaiwAi,-11.85264
kUtOtuA,-10.07418
ENiAihE,-15.01617
oieitoA,-12.81815
humONOo,-14.82614
fOpUNaO,-17.90832
eoahuma,-11.99012
kApeife,-10.82235
witOurI,-11.67468
aAfarIi,-16.88072
uenekUI,-13.06957
maaiOmu,-11.94174
kUNeawI,-11.23251
NefekiI,-14.02239
OmawEhE,-11.94193
OpAeAfa,-13.97127
pInekEA,-10.10061
rUNuNoU,-14.1429
EnAaruA,-13.18253
mIewiru,-10.62187
wOkeewA,-11.94279
ApuAkAI,-10.23781
OitEurI,-14.49752
AifAaki,-13.68471
mumUtOu,-11.87524
NEkeoAi,-13.63169
kOfetEA,-9.251489
AkOranI,-10.64286
amIiawi,-12.25515
wurUnAi,-11.12872
ukukefe,-9.637689
neoNeua,-10.6526
hAnapIa,-9.325836
rOhuuki,-10.00084
emiakIi,-12.91124
oNehana,-8.569054
tatitOI,-9.557199
tAeniwe,-9.365596
Inameoe,-12.46531
pEnepIi,-11.39564
nefekAI,-10.83106
OtehENi,-11.29148
tOnekEi,-10.43333
iemepEO,-15.49365
enokAna,-10.19586
OhuAnui,-10.29465
ekONoNe,-10.88584
OnepaiO,-12.66984
tAuNeNa,-7.668343
nUpupEO,-13.63175
Irupufe,-12.50203
wihiemi,-9.892807
fItOkai,-8.725136
raiiheA,-12.05135
AapEore,-14.11944
UNaufaa,-13.25441
ONueNae,-11.20334
mOhUeku,-10.96021
pUkemAI,-10.83727
kUmumeA,-10.82427
ketioae,-10.987
EnAutEa,-11.3579
hEkifAi,-11.54299
huIhIwI,-11.97648
ewifOpo,-16.45687
Oniofea,-10.07899
mOtuone,-8.911879
AmenopE,-11.30442
OhIwEti,-9.777045
hupuoro,-7.806512
itUotiU,-15.70745
kAwikEA,-10.774
aNUhueu,-11.10625
Anuirii,-9.335776
IkitUwI,-11.94663
AmOfahu,-12.17816
wIroete,-9.480143
IwewEwe,-12.41649
kAtuutO,-9.255661
wIwekIi,-11.96237
ahAwAme,-9.923115
naNatEA,-10.97625
IhoanOu,-12.22116
UpipopE,-12.40833
ANeauNo,-11.591
AnOiapo,-12.07837
kEminAa,-11.95626
mIpUiNi,-10.84891
iroiANI,-13.62675
awehEpE,-10.39817
fAeweka,-9.257463
hItaIni,-10.71651
oruukEi,-14.16866
pIneani,-8.823382
NiNAowa,-12.28265
rEhutEA,-10.99869
OriinAi,-12.26402
hoAtiwI,-13.53812
unuhUfe,-10.55539
rOhakiI,-12.61138
ohAwehE,-11.78956
naekiea,-10.69843
putaInI,-11.62661
UtuiotI,-13.20427
oNOkefO,-16.19545
kohurAA,-12.96192
aNufAmi,-11.79739
AhakEfi,-11.48258
ENaiotE,-12.10782
OkIpowA,-11.54262
nIoniwE,-10.97741
otOkOwA,-11.82392
NenaAhA,-14.25229
iemufAu,-14.13781
auetOwi,-11.63532
aenuNoe,-12.97483
EkorEwi,-11.67134
tuwErahI,-11.88754
hApawife,-12.26601
ItIruAte,-13.53756
ImemapOI,-13.78099
iwItamIi,-15.34728
tIkIhiki,-7.7762
ENihihOu,-13.31168
rEmiaufe,-12.31427
OkEmihAo,-13.64519
kofIkoiu,-11.3002
OhupOAre,-11.57054
onOpIhaa,-14.46166
pumonEhu,-13.94965
inEpaIne,-16.85511
mUfepUwa,-12.1039
powaemAI,-12.01122
ItiNoNoU,-15.43624
NAmitAnO,-11.9343
unerAmAu,-13.72204
tiwerEha,-11.77086
fanokOnE,-10.39209
ohOhoomE,-15.98785
NekeNUru,-12.05838
kIronopi,-10.24224
umUNAihi,-12.04118
kUnAfafu,-13.37204
opEatOpu,-13.79627
ouetIpUA,-15.14288
eErewIwi,-16.56482
AhIarOhu,-11.82589
fEkoekiI,-14.18094
kUfeiAhi,-10.92289
ANAonokO,-13.09029
ofAehOte,-13.32159
wehoipEO,-13.49519
uNaomiea,-11.41526
AtuiArIi,-16.35984
EhuehOmA,-15.14019
AwIhiNaA,-17.06481
nirerONU,-15.80902
rOtIkiii,-14.668
eEhaeaui,-17.00935
hIonataI,-11.54794
epAewaNA,-14.21146
oeianoau,-15.30079
otAihEkE,-13.84037
uenaiikI,-13.12987
tUwAwaNe,-9.749282
ainIkiaa,-16.72176
eaeaipAA,-18.66674
fOnefAnA,-15.18073
heuNarEi,-12.39365
forohumU,-11.4994
IweerikO,-13.89748
tIhAnipo,-10.20196
UrerokIi,-13.21217
ONukiamO,-15.59098
airinoae,-12.12293
aoionOpA,-15.5749
tumopAnO,-13.25027
OAneaoNo,-12.39469
utemuANI,-14.43177
OotOwAmo,-16.81046
oarAuihO,-14.78374
NEraiOrA,-13.78069
ukUkiomE,-15.89178
OpoaumAI,-13.68771
nAwIpuha,-12.92446
NauNAkaI,-12.3808
eoitOeao,-14.95236
orEiafAO,-15.20637
mokIonAu,-14.02147
tENawAmA,-12.87945
UNiawIte,-12.29678
EtAtUerA,-14.22942
winANAio,-12.98211
omOmuepi,-14.33638
eoiotONa,-13.19582
mIrIwipa,-13.14077
pAipOnao,-10.51193
oNukotOI,-15.59463
oniNamAI,-12.8093
fAmimopE,-12.83032
AperufAe,-12.28402
iwienufI,-17.24089
ruNAapIi,-16.16051
nUmaaowa,-13.8916
iuiitUai,-16.52251
arohOmAI,-12.79709
EnEpepEa,-15.85643
mIhIpAia,-10.09401
ENehOimo,-16.20915
NomaoNaa,-10.67465
ueurAotI,-13.93106
mopawEti,-11.12098
ikaOkIro,-11.75557
rEwErakI,-10.01709
eIhipefe,-15.47634
OuNokatu,-13.22671
nomuhuhU,-12.77438
AweehipE,-13.04864
tUikoNOu,-14.19624
niofIoNU,-13.47657
uikUkure,-10.95517
iAtOpaNI,-13.75461
eErAwiNO,-17.14969
AekifIni,-14.79118
OfenutUI,-12.55556
ipueoawA,-15.62032
UpoaAehi,-16.11937
NafAniti,-9.232401
aNutepOI,-12.91917
upunArIi,-15.10007
atEtiNAi,-12.80014
ouwafutI,-16.04604
ItoepAfI,-14.88755
epUapupu,-12.08697
fAnopOkO,-11.62154
kAumukUI,-12.05051
huunemaa,-13.33585
moueNAwA,-11.65125
apOfeheu,-11.0909
OukeAkii,-15.2153
UtuUhOpu,-16.50969
AwafutoI,-15.92069
tOrONUre,-11.28495
miUhohoA,-13.98003
omEhuAnO,-17.30956
EpuarOmi,-13.62065
fAnuNomA,-11.91039
uhIiapEi,-15.35751
aNOihohe,-10.86489
IkAreewE,-14.14816
ouAanOnE,-16.32092
ekuurorI,-14.22092
punOkAwE,-12.37254
AreAwafE,-14.96923
UnANinai,-13.32441
aifAmANo,-11.97931
uhEhioNA,-13.71652
pokeetaI,-12.52689
tEhuaApO,-15.44755
tOfAtAfu,-13.09998
nOpOnIka,-11.01859
ahOakOfe,-12.52714
AhEkiika,-13.07129
Neruaopo,-11.01043
waafipua,-10.93053
mohuhUwA,-11.3933
fEtetAwi,-9.644371
fEkofirE,-11.15841
OwAiomAo,-15.75224
piwIpOni,-12.88967
emikUfao,-12.37332
NEtariAu,-13.00208
eopUiawe,-14.86307
AtowiNae,-12.2429
hEmakimA,-11.18855
AfIteomA,-13.86115
rAnOkErE,-13.52763
eEtefutE,-17.59301
oerofifA,-12.22657
AfAmofeo,-12.33026
mUNUhONu,-14.0883
pAfAnANI,-11.59683
keehAhAe,-13.88756
wiratanI,-10.79773
IwIwIhou,-11.73007
OumANAhU,-13.37787
eIhAuinA,-16.14973
nUmorIpo,-13.0392
mUpuiiko,-13.78381
ItapIokO,-13.61219
nihAnANI,-13.60457
ameropIi,-13.32278
foukuNAa,-14.91146
iuiwapOI,-16.85271
AeArEkEA,-18.0434
mAkUNaNO,-11.12585
NeimokEi,-13.36645
mIepEtAo,-13.49657
pEpiaoni,-11.09293
rohonAwA,-10.78224
hIahiepI,-11.79292
OtowikUI,-15.21331
UnukAire,-12.23202
EtefeuNu,-11.37699
eNUtUorI,-15.21761
OpuporOi,-13.17829
NufiUkOi,-15.35935
Akeawiti,-10.61633
opahUatI,-13.48233
apEmimIi,-17.55008
kENanApo,-12.5419
EniAkoho,-13.74388
amamIana,-11.32515
rImofAnu,-11.4112
tafetOrU,-10.69665
peokEaNI,-13.66644
otamOmOi,-13.10216
iNihUawA,-14.70831
oeiNiiii,-20.24256
NuhutONU,-11.86703
IwaAkifO,-19.32837
aueoAnao,-14.8133
nupotofE,-14.32152
kerAutOu,-13.22485
ekopikEi,-12.86582
upIkiheu,-11.61656
powewEto,-11.75887
kewemahO,-12.06729
rIhAwIki,-12.0184
rehAfIri,-11.17495
OirerUNA,-13.26851
otoipini,-9.860403
EriweNAo,-14.97216
awapofAi,-12.51901
AnokApOA,-13.39711
fAohufea,-10.28823
oenoApei,-14.54734
pUkONaei,-11.07651
eNUtUkUI,-14.00855
aeiANahe,-14.99355
IhemaoNU,-12.13916
wepOwANu,-13.4809
mOtefAnO,-11.29911
ikUtaNou,-11.2858
OurUpeiu,-14.06757
arAitANI,-13.28095
tUkeiati,-9.984608
raaNErAA,-16.34152
kOuekItI,-11.47431
unumOakO,-14.51005
nItOwANA,-14.06004
ImuikIfe,-13.48369
eakOkEhE,-13.22142
patanOhO,-11.31344
IkApuafu,-15.05599
itOuNApo,-15.33555
piNeAtUA,-12.65394
wEnEtufe,-13.91935
hErEronI,-15.5849
kInANOpA,-13.497
umOhEmiA,-15.03229
ukuInatO,-10.86068
okApApOI,-13.26558
kOtEmaae,-11.62564
wiferukO,-13.88265
mEtEmune,-11.27867
hUfiaoNo,-11.20158
pIwIkere,-8.911695
eotuAmeA,-16.26737
NOpaimAI,-12.23597
kOreukAI,-11.23233
neenahAa,-12.80561
orikUteU,-13.21423
tInIrire,-10.22976
NOpafAko,-11.11964
inEtenau,-13.65347
heuaaaiE,-16.26299
uApepowa,-13.13484
kONOpowA,-12.08894
omanueNe,-11.52683
paNipENa,-10.33685
eEtONonu,-16.02628
ehiUrIri,-16.21357
IrutipOI,-14.70106
ieafInoe,-17.63145
nOkEfehI,-13.32749
tiUfAkiO,-17.2947
tEuamewA,-14.38099
NuaAmufI,-19.16389
wUnakANU,-12.94062
aNuapIfa,-13.42794
iAtaetEA,-12.79033
fEurUkiI,-15.42216
eEhutUri,-15.66811
AwEneoma,-14.44168
iNOkioNi,-12.36491
pofikAwI,-12.77388
pEmenAmi,-12.11761
ArUmAhiU,-14.05924
ropOiohE,-13.11339
kOnEparo,-9.297178
heNokINi,-11.02841
Ikaheiro,-10.90928
ArEnapeu,-14.95927
oNAunEtE,-13.7747
kONOpEhe,-9.699731
inUhAhAe,-16.34634
ufiheaNu,-12.83171
pAhApAko,-8.463225
tIhairEi,-11.9556
wOkiNAiE,-16.18937
AmeamahO,-12.11537
okiofiwe,-12.66414
iwEneNAa,-14.5945
fEnawIhe,-10.04826
anitIoNu,-14.1483
EfeauitU,-14.01073
eoreipAA,-17.47735
ofakenie,-12.83689
OtIrieme,-12.49517
eakOkotI,-14.41514
rAkOpokE,-10.69004
ourAtekU,-15.43093
AnOneetE,-12.26648
omekenou,-10.8013
unEpomeo,-16.29433
AfekaAhE,-13.043
pAkEmiwE,-12.08604
InAkoetU,-12.42916
IwauerAu,-15.28631
wAtUwIwi,-11.36677
imanONiA,-15.04917
aweweufe,-11.07352
mIepoufe,-11.29324
pONUroni,-10.3265
eatOhIhi,-12.21778
hOtArAua,-10.81352